target_issue,draw_date,actual,generated_at,champion_id,generation,config_id,actual_probability,exact_nll,actual_rank,top1_hit,top20_straight_hit,top20_numbers,straight_tickets,straight_stake,straight_return,straight_hit,straight_winning_bets,box_tickets,box_stake,box_return,box_hit,box_winning_bets,set_tickets,set_stake,set_return,set_hit,set_winning_bets,mini_tickets,mini_stake,mini_return,mini_hit,mini_winning_bets,purchase_policy,unit_price,total_tickets,total_stake,total_return,profit,roi,any_purchase_hit,hit_modes,hit_details,payout_complete
7055,2026-08-24,937,2026-08-23T08:11:26+09:00,champ-93e379335cc8,3,pool-90c3165cf721,0.001180832635001181,6.741535466456984,103,0,0,420;427;480;428;470;487;477;488;478;429;489;620;479;820;627;827;680;450;628;880,20,4000,0.0,0,,19,3800,0.0,0,,20,4000,0.0,0,,13,2600,0.0,0,,top20_unique_bets_all_modes_once,200,72,14400,0.0,-14400.0,-1.0,0,,,1
7056,2026-08-25,186,2026-08-24T20:27:07+09:00,champ-93e379335cc8,3,pool-90c3165cf721,0.0011492864550011492,6.7686140030926225,166,0,0,937;930;237;987;938;230;437;980;917;637;137;287;238;988;939;430;933;910;630;977,20,4000,0.0,0,,20,4000,0.0,0,,20,4000,0.0,0,,11,2200,0.0,0,,top20_unique_bets_all_modes_once,200,71,14200,0.0,-14200.0,-1.0,0,,,1
7057,2026-08-26,708,2026-08-25T20:26:06+09:00,champ-93e379335cc8,3,pool-90c3165cf721,0.0009915691600039663,6.916221859533397,449,0,0,437;487;477;937;427;987;430;037;737;438;637;457;837;977;433;480;087;137;432;787,20,4000,0.0,0,,20,4000,13500.0,1,078,20,4000,6700.0,1,087,10,2000,0.0,0,,top20_unique_bets_all_modes_once,200,70,14000,20200.0,6200.0,0.44285714285714284,1,box;set,box:078=13500円 / set:087=6700円,1
7058,2026-08-27,460,2026-08-26T20:28:34+09:00,champ-93e379335cc8,3,pool-90c3165cf721,0.0010134828299939189,6.8943625335142755,433,0,0,178;138;177;176;188;137;136;170;179;978;130;139;938;173;478;108;187;133;186;438,20,4000,0.0,0,,18,3600,0.0,0,,20,4000,0.0,0,,16,3200,0.0,0,,top20_unique_bets_all_modes_once,200,74,14800,0.0,-14800.0,-1.0,0,,,1
7060,2026-08-31,877,2026-08-31T00:11:00+09:00,champ-93e379335cc8,3,pool-90c3165cf721,0.001071454844002143,6.838737886727155,222,0,0,438;430;437;439;488;478;433;436;432;480;470;487;477;418;468;489;479;483;473;434,20,4000,0.0,0,,17,3400,0.0,0,,20,4000,0.0,0,,20,4000,11300.0,1,77,top20_unique_bets_all_modes_once,200,77,15400,11300.0,-4100.0,-0.2662337662337662,1,mini,mini:77=11300円,1
7061,2026-09-01,882,2026-09-01T02:53:30+09:00,champ-93e379335cc8,3,pool-90c3165cf721,0.0011503565019873462,6.767683382919459,191,0,0,130;430;830;180;138;137;480;438;437;170;630;470;930;120;880;100;838;133;837;420,20,4000,0.0,0,,20,4000,0.0,0,,20,4000,0.0,0,,8,1600,0.0,0,,top20_unique_bets_all_modes_once,200,68,13600,0.0,-13600.0,-1.0,0,,,1
7062,2026-09-02,212,2026-09-02T10:58:47+09:00,champ-93e379335cc8,3,pool-90c3165cf721,0.000850822797,7.069306680215783,824,0,0,877;870;887;880;477;470;876;487;837;480;830;886;476;871;437;430;486;881;836;471,20,4000,0.0,0,,20,4000,0.0,0,,20,4000,0.0,0,,11,2200,0.0,0,,top20_unique_bets_all_modes_once,200,71,14200,0.0,-14200.0,-1.0,0,,,1
7063,2026-09-03,166,2026-09-02T23:59:35+09:00,champ-93e379335cc8,3,pool-90c3165cf721,0.0009239488989944563,6.986853791970473,678,0,0,272;872;232;832;282;882;472;432;172;482;132;278;878;182;238;838;277;288;877;237,20,4000,0.0,0,,17,3400,0.0,0,,20,4000,0.0,0,,8,1600,0.0,0,,top20_unique_bets_all_modes_once,200,65,13000,0.0,-13000.0,-1.0,0,,,1
7064,2026-09-04,251,2026-09-03T22:09:29+09:00,champ-93e379335cc8,3,pool-90c3165cf721,0.0009374026060009374,6.972397692448663,586,0,0,877;878;477;478;177;178;870;867;868;777;778;277;470;278;170;467;876;468;167;872,20,4000,0.0,0,,16,3200,0.0,0,,19,3800,0.0,0,,7,1400,0.0,0,,top20_unique_bets_all_modes_once,200,62,12400,0.0,-12400.0,-1.0,0,,,1
