rank,number,model_probability,uniform_probability,relative_to_uniform
1,166,0.0017185324953181962,0.001,1.7185324953181962
2,106,0.0016844569374066642,0.001,1.6844569374066642
3,866,0.0016723305383251417,0.001,1.6723305383251417
4,806,0.001639546991473792,0.001,1.639546991473792
5,169,0.0016224852419757228,0.001,1.6224852419757227
6,109,0.0015910955900667718,0.001,1.5910955900667718
7,869,0.001579925018859508,0.001,1.579925018859508
8,266,0.0015735334268570575,0.001,1.5735334268570575
9,809,0.0015497255390248313,0.001,1.5497255390248312
10,206,0.0015435126842035915,0.001,1.5435126842035916
11,160,0.001524331313481545,0.001,1.524331313481545
12,666,0.001517828928461882,0.001,1.517828928461882
13,766,0.0015015291371253932,0.001,1.5015291371253932
14,100,0.0014956864795298487,0.001,1.4956864795298488
15,466,0.0014930024818645164,0.001,1.4930024818645165
16,606,0.0014893659299541739,0.001,1.489365929954174
17,269,0.0014889153002029725,0.001,1.4889153002029725
18,860,0.0014854927010736299,0.001,1.4854927010736299
19,706,0.0014735219528743968,0.001,1.4735219528743968
20,406,0.0014652337406064234,0.001,1.4652337406064233
