generation,generated_at,source_last_issue,source_last_draw_date,target_issue,target_date_candidate,rank,prediction,model_probability,uniform_probability,relative_to_uniform,status,actual_draw_date,winning_number,match_types,prize_details,max_applicable_prize
1,2026-08-22T07:19:14+09:00,7054,2026-08-21,7055,2026-08-24,1,470,0.0018363883105573,0.001,1.8363883105573084,照合済,2026-08-24,937,はずれ,当選なし,
1,2026-08-22T07:19:14+09:00,7054,2026-08-21,7055,2026-08-24,2,480,0.0017923017410822,0.001,1.79230174108224,照合済,2026-08-24,937,はずれ,当選なし,
1,2026-08-22T07:19:14+09:00,7054,2026-08-21,7055,2026-08-24,3,477,0.0017766683076431,0.001,1.7766683076431349,照合済,2026-08-24,937,はずれ,当選なし,
1,2026-08-22T07:19:14+09:00,7054,2026-08-21,7055,2026-08-24,4,479,0.0017371875695226,0.001,1.7371875695226808,照合済,2026-08-24,937,はずれ,当選なし,
1,2026-08-22T07:19:14+09:00,7054,2026-08-21,7055,2026-08-24,5,487,0.0017340154491334,0.001,1.7340154491334383,照合済,2026-08-24,937,はずれ,当選なし,
1,2026-08-22T07:19:14+09:00,7054,2026-08-21,7055,2026-08-24,6,478,0.0017308802052399,0.001,1.730880205239968,照合済,2026-08-24,937,はずれ,当選なし,
1,2026-08-22T07:19:14+09:00,7054,2026-08-21,7055,2026-08-24,7,410,0.001726776468006,0.001,1.7267764680060285,照合済,2026-08-24,937,はずれ,当選なし,
1,2026-08-22T07:19:14+09:00,7054,2026-08-21,7055,2026-08-24,8,489,0.0016954825335917,0.001,1.695482533591721,照合済,2026-08-24,937,はずれ,当選なし,
1,2026-08-22T07:19:14+09:00,7054,2026-08-21,7055,2026-08-24,9,488,0.001689326591561,0.001,1.6893265915610756,照合済,2026-08-24,937,はずれ,当選なし,
1,2026-08-22T07:19:14+09:00,7054,2026-08-21,7055,2026-08-24,10,417,0.001670621081311,0.001,1.6706210813110702,照合済,2026-08-24,937,はずれ,当選なし,
1,2026-08-22T07:19:14+09:00,7054,2026-08-21,7055,2026-08-24,11,430,0.0016529693859713,0.001,1.6529693859713432,照合済,2026-08-24,937,はずれ,当選なし,
1,2026-08-22T07:19:14+09:00,7054,2026-08-21,7055,2026-08-24,12,419,0.0016334969016732,0.001,1.6334969016732577,照合済,2026-08-24,937,はずれ,当選なし,
1,2026-08-22T07:19:14+09:00,7054,2026-08-21,7055,2026-08-24,13,418,0.0016275660164917,0.001,1.6275660164917765,照合済,2026-08-24,937,はずれ,当選なし,
1,2026-08-22T07:19:14+09:00,7054,2026-08-21,7055,2026-08-24,14,472,0.0016232404838646,0.001,1.6232404838646606,照合済,2026-08-24,937,はずれ,当選なし,
1,2026-08-22T07:19:14+09:00,7054,2026-08-21,7055,2026-08-24,15,420,0.0016140247691179,0.001,1.614024769117924,照合済,2026-08-24,937,はずれ,当選なし,
1,2026-08-22T07:19:14+09:00,7054,2026-08-21,7055,2026-08-24,16,970,0.0016095671831306,0.001,1.6095671831306997,照合済,2026-08-24,937,はずれ,当選なし,
1,2026-08-22T07:19:14+09:00,7054,2026-08-21,7055,2026-08-24,17,437,0.0015992142319117,0.001,1.5992142319117475,照合済,2026-08-24,937,ミニ,"ミニ=9,400円",9400.0
1,2026-08-22T07:19:14+09:00,7054,2026-08-21,7055,2026-08-24,18,482,0.0015842710001475,0.001,1.5842710001475022,照合済,2026-08-24,937,はずれ,当選なし,
1,2026-08-22T07:19:14+09:00,7054,2026-08-21,7055,2026-08-24,19,980,0.0015709259572875,0.001,1.570925957287595,照合済,2026-08-24,937,はずれ,当選なし,
1,2026-08-22T07:19:14+09:00,7054,2026-08-21,7055,2026-08-24,20,670,0.001569435573074,0.001,1.5694355730740872,照合済,2026-08-24,937,はずれ,当選なし,
3,2026-08-24T20:27:07+09:00,7055,2026-08-24,7056,2026-08-25,1,937,0.0014539009505203,0.001,1.453900950520363,照合済,2026-08-25,186,はずれ,当選なし,
3,2026-08-24T20:27:07+09:00,7055,2026-08-24,7056,2026-08-25,2,930,0.001412956123556,0.001,1.4129561235560473,照合済,2026-08-25,186,はずれ,当選なし,
3,2026-08-24T20:27:07+09:00,7055,2026-08-24,7056,2026-08-25,3,237,0.0013976782689807,0.001,1.3976782689807572,照合済,2026-08-25,186,はずれ,当選なし,
3,2026-08-24T20:27:07+09:00,7055,2026-08-24,7056,2026-08-25,4,987,0.0013856544253028,0.001,1.385654425302851,照合済,2026-08-25,186,はずれ,当選なし,
3,2026-08-24T20:27:07+09:00,7055,2026-08-24,7056,2026-08-25,5,938,0.0013830801546919,0.001,1.3830801546919709,照合済,2026-08-25,186,はずれ,当選なし,
3,2026-08-24T20:27:07+09:00,7055,2026-08-24,7056,2026-08-25,6,230,0.0013591467197952,0.001,1.3591467197952858,照合済,2026-08-25,186,はずれ,当選なし,
3,2026-08-24T20:27:07+09:00,7055,2026-08-24,7056,2026-08-25,7,437,0.0013489267156286,0.001,1.34892671562867,照合済,2026-08-25,186,はずれ,当選なし,
3,2026-08-24T20:27:07+09:00,7055,2026-08-24,7056,2026-08-25,8,980,0.0013476389823216,0.001,1.3476389823216657,照合済,2026-08-25,186,はずれ,当選なし,
3,2026-08-24T20:27:07+09:00,7055,2026-08-24,7056,2026-08-25,9,917,0.0013409488303539,0.001,1.340948830353954,照合済,2026-08-25,186,はずれ,当選なし,
3,2026-08-24T20:27:07+09:00,7055,2026-08-24,7056,2026-08-25,10,637,0.0013379734059369,0.001,1.337973405937,照合済,2026-08-25,186,はずれ,当選なし,
3,2026-08-24T20:27:07+09:00,7055,2026-08-24,7056,2026-08-25,11,137,0.0013343261703036,0.001,1.3343261703036164,照合済,2026-08-25,186,はずれ,当選なし,
3,2026-08-24T20:27:07+09:00,7055,2026-08-24,7056,2026-08-25,12,287,0.0013334541767542,0.001,1.3334541767542134,照合済,2026-08-25,186,はずれ,当選なし,
3,2026-08-24T20:27:07+09:00,7055,2026-08-24,7056,2026-08-25,13,238,0.0013310316330041,0.001,1.3310316330041496,照合済,2026-08-25,186,はずれ,当選なし,
3,2026-08-24T20:27:07+09:00,7055,2026-08-24,7056,2026-08-25,14,988,0.0013199004796812,0.001,1.3199004796812752,照合済,2026-08-25,186,はずれ,当選なし,
3,2026-08-24T20:27:07+09:00,7055,2026-08-24,7056,2026-08-25,15,939,0.0013138491563517,0.001,1.313849156351746,照合済,2026-08-25,186,はずれ,当選なし,
3,2026-08-24T20:27:07+09:00,7055,2026-08-24,7056,2026-08-25,16,430,0.0013124877567851,0.001,1.3124877567851556,照合済,2026-08-25,186,はずれ,当選なし,
3,2026-08-24T20:27:07+09:00,7055,2026-08-24,7056,2026-08-25,17,933,0.0013053563347735,0.001,1.3053563347735753,照合済,2026-08-25,186,はずれ,当選なし,
3,2026-08-24T20:27:07+09:00,7055,2026-08-24,7056,2026-08-25,18,910,0.0013048523107667,0.001,1.3048523107667755,照合済,2026-08-25,186,はずれ,当選なし,
3,2026-08-24T20:27:07+09:00,7055,2026-08-24,7056,2026-08-25,19,630,0.0013020046021654,0.001,1.3020046021654217,照合済,2026-08-25,186,はずれ,当選なし,
3,2026-08-24T20:27:07+09:00,7055,2026-08-24,7056,2026-08-25,20,977,0.0013012559817101,0.001,1.3012559817101113,照合済,2026-08-25,186,はずれ,当選なし,
3,2026-08-25T20:26:06+09:00,7056,2026-08-25,7057,2026-08-26,1,437,0.0018939411324363,0.001,1.8939411324363609,照合済,2026-08-26,708,はずれ,当選なし,
3,2026-08-25T20:26:06+09:00,7056,2026-08-25,7057,2026-08-26,2,487,0.0017756141935473,0.001,1.7756141935473402,照合済,2026-08-26,708,はずれ,当選なし,
3,2026-08-25T20:26:06+09:00,7056,2026-08-25,7057,2026-08-26,3,477,0.0016873759462101,0.001,1.687375946210133,照合済,2026-08-26,708,はずれ,当選なし,
3,2026-08-25T20:26:06+09:00,7056,2026-08-25,7057,2026-08-26,4,937,0.0016690416137424,0.001,1.6690416137424895,照合済,2026-08-26,708,はずれ,当選なし,
3,2026-08-25T20:26:06+09:00,7056,2026-08-25,7057,2026-08-26,5,427,0.0016136519277061,0.001,1.6136519277061403,照合済,2026-08-26,708,はずれ,当選なし,
3,2026-08-25T20:26:06+09:00,7056,2026-08-25,7057,2026-08-26,6,987,0.0015698056328469,0.001,1.5698056328469012,照合済,2026-08-26,708,はずれ,当選なし,
3,2026-08-25T20:26:06+09:00,7056,2026-08-25,7057,2026-08-26,7,430,0.001563351371946,0.001,1.563351371946058,照合済,2026-08-26,708,はずれ,当選なし,
3,2026-08-25T20:26:06+09:00,7056,2026-08-25,7057,2026-08-26,8,037,0.0015610866930724,0.001,1.5610866930724483,照合済,2026-08-26,708,はずれ,当選なし,
3,2026-08-25T20:26:06+09:00,7056,2026-08-25,7057,2026-08-26,9,737,0.0015286718285267,0.001,1.5286718285267569,照合済,2026-08-26,708,はずれ,当選なし,
3,2026-08-25T20:26:06+09:00,7056,2026-08-25,7057,2026-08-26,10,438,0.0015235755718682,0.001,1.5235755718682766,照合済,2026-08-26,708,はずれ,当選なし,
3,2026-08-25T20:26:06+09:00,7056,2026-08-25,7057,2026-08-26,11,637,0.001520576289468,0.001,1.5205762894680186,照合済,2026-08-26,708,はずれ,当選なし,
3,2026-08-25T20:26:06+09:00,7056,2026-08-25,7057,2026-08-26,12,457,0.001514254442317,0.001,1.5142544423170536,照合済,2026-08-26,708,はずれ,当選なし,
3,2026-08-25T20:26:06+09:00,7056,2026-08-25,7057,2026-08-26,13,837,0.001496130630938,0.001,1.496130630938053,照合済,2026-08-26,708,はずれ,当選なし,
3,2026-08-25T20:26:06+09:00,7056,2026-08-25,7057,2026-08-26,14,977,0.0014958038112056,0.001,1.4958038112056942,照合済,2026-08-26,708,はずれ,当選なし,
3,2026-08-25T20:26:06+09:00,7056,2026-08-25,7057,2026-08-26,15,433,0.0014763192485695,0.001,1.476319248569524,照合済,2026-08-26,708,はずれ,当選なし,
3,2026-08-25T20:26:06+09:00,7056,2026-08-25,7057,2026-08-26,16,480,0.0014730870775092,0.001,1.4730870775092468,照合済,2026-08-26,708,はずれ,当選なし,
3,2026-08-25T20:26:06+09:00,7056,2026-08-25,7057,2026-08-26,17,087,0.0014710146395505,0.001,1.4710146395505836,照合済,2026-08-26,708,ボックス / セット(ボックス),"ボックス=13,500円 / セット(ボックス)=6,700円",13500.0
3,2026-08-25T20:26:06+09:00,7056,2026-08-25,7057,2026-08-26,18,137,0.0014668947339879,0.001,1.4668947339879697,照合済,2026-08-26,708,はずれ,当選なし,
3,2026-08-25T20:26:06+09:00,7056,2026-08-25,7057,2026-08-26,19,432,0.0014433860445472,0.001,1.4433860445472997,照合済,2026-08-26,708,はずれ,当選なし,
3,2026-08-25T20:26:06+09:00,7056,2026-08-25,7057,2026-08-26,20,787,0.0014413513630073,0.001,1.441351363007385,照合済,2026-08-26,708,はずれ,当選なし,
3,2026-08-26T20:28:34+09:00,7057,2026-08-26,7058,2026-08-27,1,178,0.0014710849910362,0.001,1.4710849910362194,照合済,2026-08-27,460,はずれ,当選なし,
3,2026-08-26T20:28:34+09:00,7057,2026-08-26,7058,2026-08-27,2,138,0.0014541254217465,0.001,1.4541254217465214,照合済,2026-08-27,460,はずれ,当選なし,
3,2026-08-26T20:28:34+09:00,7057,2026-08-26,7058,2026-08-27,3,177,0.0014038283434907,0.001,1.4038283434907788,照合済,2026-08-27,460,はずれ,当選なし,
3,2026-08-26T20:28:34+09:00,7057,2026-08-26,7058,2026-08-27,4,176,0.0014001599022404,0.001,1.400159902240426,照合済,2026-08-27,460,はずれ,当選なし,
3,2026-08-26T20:28:34+09:00,7057,2026-08-26,7058,2026-08-27,5,188,0.001397613312661,0.001,1.3976133126610482,照合済,2026-08-27,460,はずれ,当選なし,
3,2026-08-26T20:28:34+09:00,7057,2026-08-26,7058,2026-08-27,6,137,0.0013880433817635,0.001,1.3880433817635174,照合済,2026-08-27,460,はずれ,当選なし,
3,2026-08-26T20:28:34+09:00,7057,2026-08-26,7058,2026-08-27,7,136,0.0013844390082149,0.001,1.3844390082149052,照合済,2026-08-27,460,はずれ,当選なし,
3,2026-08-26T20:28:34+09:00,7057,2026-08-26,7058,2026-08-27,8,170,0.0013812901462541,0.001,1.3812901462541287,照合済,2026-08-27,460,はずれ,当選なし,
3,2026-08-26T20:28:34+09:00,7057,2026-08-26,7058,2026-08-27,9,179,0.0013792763552767,0.001,1.3792763552767129,照合済,2026-08-27,460,はずれ,当選なし,
3,2026-08-26T20:28:34+09:00,7057,2026-08-26,7058,2026-08-27,10,978,0.0013760137605097,0.001,1.376013760509746,照合済,2026-08-27,460,はずれ,当選なし,
3,2026-08-26T20:28:34+09:00,7057,2026-08-26,7058,2026-08-27,11,130,0.0013658988041597,0.001,1.365898804159781,照合済,2026-08-27,460,はずれ,当選なし,
3,2026-08-26T20:28:34+09:00,7057,2026-08-26,7058,2026-08-27,12,139,0.0013639201831499,0.001,1.363920183149908,照合済,2026-08-27,460,はずれ,当選なし,
3,2026-08-26T20:28:34+09:00,7057,2026-08-26,7058,2026-08-27,13,938,0.0013607145681555,0.001,1.3607145681555932,照合済,2026-08-27,460,はずれ,当選なし,
3,2026-08-26T20:28:34+09:00,7057,2026-08-26,7058,2026-08-27,14,173,0.0013493701453633,0.001,1.3493701453633966,照合済,2026-08-27,460,はずれ,当選なし,
3,2026-08-26T20:28:34+09:00,7057,2026-08-26,7058,2026-08-27,15,478,0.0013453138944605,0.001,1.345313894460575,照合済,2026-08-27,460,はずれ,当選なし,
3,2026-08-26T20:28:34+09:00,7057,2026-08-26,7058,2026-08-27,16,108,0.0013437840073228,0.001,1.3437840073228204,照合済,2026-08-27,460,はずれ,当選なし,
3,2026-08-26T20:28:34+09:00,7057,2026-08-26,7058,2026-08-27,17,187,0.0013354452606789,0.001,1.3354452606789864,照合済,2026-08-27,460,はずれ,当選なし,
3,2026-08-26T20:28:34+09:00,7057,2026-08-26,7058,2026-08-27,18,133,0.0013345362719477,0.001,1.3345362719477234,照合済,2026-08-27,460,はずれ,当選なし,
3,2026-08-26T20:28:34+09:00,7057,2026-08-26,7058,2026-08-27,19,186,0.0013320543713815,0.001,1.3320543713815236,照合済,2026-08-27,460,はずれ,当選なし,
3,2026-08-26T20:28:34+09:00,7057,2026-08-26,7058,2026-08-27,20,438,0.0013305508616704,0.001,1.3305508616704678,照合済,2026-08-27,460,はずれ,当選なし,
3,2026-08-31T00:11:00+09:00,7059,2026-08-28,7060,2026-08-31,1,438,0.0016065156622862,0.001,1.6065156622862802,照合済,2026-08-31,877,はずれ,当選なし,
3,2026-08-31T00:11:00+09:00,7059,2026-08-28,7060,2026-08-31,2,430,0.0015387571434599,0.001,1.5387571434599687,照合済,2026-08-31,877,はずれ,当選なし,
3,2026-08-31T00:11:00+09:00,7059,2026-08-28,7060,2026-08-31,3,437,0.0015298555749256,0.001,1.5298555749256053,照合済,2026-08-31,877,はずれ,当選なし,
3,2026-08-31T00:11:00+09:00,7059,2026-08-28,7060,2026-08-31,4,439,0.0014970897962695,0.001,1.497089796269552,照合済,2026-08-31,877,はずれ,当選なし,
3,2026-08-31T00:11:00+09:00,7059,2026-08-28,7060,2026-08-31,5,488,0.0014927627584114,0.001,1.4927627584114906,照合済,2026-08-31,877,はずれ,当選なし,
3,2026-08-31T00:11:00+09:00,7059,2026-08-28,7060,2026-08-31,6,478,0.0014879884772695,0.001,1.487988477269537,照合済,2026-08-31,877,はずれ,当選なし,
3,2026-08-31T00:11:00+09:00,7059,2026-08-28,7060,2026-08-31,7,433,0.0014840441214445,0.001,1.4840441214445108,照合済,2026-08-31,877,はずれ,当選なし,
3,2026-08-31T00:11:00+09:00,7059,2026-08-28,7060,2026-08-31,8,436,0.0014749508545801,0.001,1.4749508545801076,照合済,2026-08-31,877,はずれ,当選なし,
3,2026-08-31T00:11:00+09:00,7059,2026-08-28,7060,2026-08-31,9,432,0.0014536146654707,0.001,1.453614665470736,照合済,2026-08-31,877,はずれ,当選なし,
3,2026-08-31T00:11:00+09:00,7059,2026-08-28,7060,2026-08-31,10,480,0.0014319700047717,0.001,1.4319700047717483,照合済,2026-08-31,877,はずれ,当選なし,
3,2026-08-31T00:11:00+09:00,7059,2026-08-28,7060,2026-08-31,11,470,0.0014274880811893,0.001,1.427488081189353,照合済,2026-08-31,877,はずれ,当選なし,
3,2026-08-31T00:11:00+09:00,7059,2026-08-28,7060,2026-08-31,12,487,0.0014239835423712,0.001,1.423983542371294,照合済,2026-08-31,877,はずれ,当選なし,
3,2026-08-31T00:11:00+09:00,7059,2026-08-28,7060,2026-08-31,13,477,0.0014195400263706,0.001,1.4195400263706763,照合済,2026-08-31,877,ミニ,"ミニ=11,300円",11300.0
3,2026-08-31T00:11:00+09:00,7059,2026-08-28,7060,2026-08-31,14,418,0.0014153945089607,0.001,1.4153945089607245,照合済,2026-08-31,877,はずれ,当選なし,
3,2026-08-31T00:11:00+09:00,7059,2026-08-28,7060,2026-08-31,15,468,0.0014005728584575,0.001,1.4005728584575288,照合済,2026-08-31,877,はずれ,当選なし,
3,2026-08-31T00:11:00+09:00,7059,2026-08-28,7060,2026-08-31,16,489,0.0013945861773734,0.001,1.3945861773734292,照合済,2026-08-31,877,はずれ,当選なし,
3,2026-08-31T00:11:00+09:00,7059,2026-08-28,7060,2026-08-31,17,479,0.0013902840358191,0.001,1.3902840358191668,照合済,2026-08-31,877,はずれ,当選なし,
3,2026-08-31T00:11:00+09:00,7059,2026-08-28,7060,2026-08-31,18,483,0.0013828816343958,0.001,1.382881634395802,照合済,2026-08-31,877,はずれ,当選なし,
3,2026-08-31T00:11:00+09:00,7059,2026-08-28,7060,2026-08-31,19,473,0.0013786357809912,0.001,1.3786357809912912,照合済,2026-08-31,877,はずれ,当選なし,
3,2026-08-31T00:11:00+09:00,7059,2026-08-28,7060,2026-08-31,20,434,0.0013759622512884,0.001,1.375962251288462,照合済,2026-08-31,877,はずれ,当選なし,
3,2026-09-01T02:53:30+09:00,7060,2026-08-31,7061,2026-09-01,1,130,0.0018928405252891,0.001,1.892840525289104,照合済,2026-09-01,882,はずれ,当選なし,
3,2026-09-01T02:53:30+09:00,7060,2026-08-31,7061,2026-09-01,2,430,0.0018670826895498,0.001,1.8670826895498849,照合済,2026-09-01,882,はずれ,当選なし,
3,2026-09-01T02:53:30+09:00,7060,2026-08-31,7061,2026-09-01,3,830,0.0016892620277354,0.001,1.6892620277354855,照合済,2026-09-01,882,はずれ,当選なし,
3,2026-09-01T02:53:30+09:00,7060,2026-08-31,7061,2026-09-01,4,180,0.0016759300057177,0.001,1.6759300057177025,照合済,2026-09-01,882,はずれ,当選なし,
3,2026-09-01T02:53:30+09:00,7060,2026-08-31,7061,2026-09-01,5,138,0.0016622754255214,0.001,1.6622754255214789,照合済,2026-09-01,882,はずれ,当選なし,
3,2026-09-01T02:53:30+09:00,7060,2026-08-31,7061,2026-09-01,6,137,0.0016575621295201,0.001,1.6575621295201295,照合済,2026-09-01,882,はずれ,当選なし,
3,2026-09-01T02:53:30+09:00,7060,2026-08-31,7061,2026-09-01,7,480,0.0016541835018085,0.001,1.6541835018085005,照合済,2026-09-01,882,はずれ,当選なし,
3,2026-09-01T02:53:30+09:00,7060,2026-08-31,7061,2026-09-01,8,438,0.0016407814361158,0.001,1.640781436115837,照合済,2026-09-01,882,はずれ,当選なし,
3,2026-09-01T02:53:30+09:00,7060,2026-08-31,7061,2026-09-01,9,437,0.0016361553032189,0.001,1.6361553032189415,照合済,2026-09-01,882,はずれ,当選なし,
3,2026-09-01T02:53:30+09:00,7060,2026-08-31,7061,2026-09-01,10,170,0.0015739633724341,0.001,1.573963372434147,照合済,2026-09-01,882,はずれ,当選なし,
3,2026-09-01T02:53:30+09:00,7060,2026-08-31,7061,2026-09-01,11,630,0.0015623838899566,0.001,1.5623838899566926,照合済,2026-09-01,882,はずれ,当選なし,
3,2026-09-01T02:53:30+09:00,7060,2026-08-31,7061,2026-09-01,12,470,0.0015541025401027,0.001,1.554102540102783,照合済,2026-09-01,882,はずれ,当選なし,
3,2026-09-01T02:53:30+09:00,7060,2026-08-31,7061,2026-09-01,13,930,0.0015494056855209,0.001,1.5494056855209846,照合済,2026-09-01,882,はずれ,当選なし,
3,2026-09-01T02:53:30+09:00,7060,2026-08-31,7061,2026-09-01,14,120,0.0015052049781231,0.001,1.5052049781231394,照合済,2026-09-01,882,はずれ,当選なし,
3,2026-09-01T02:53:30+09:00,7060,2026-08-31,7061,2026-09-01,15,880,0.0015040552939716,0.001,1.5040552939716918,照合済,2026-09-01,882,はずれ,当選なし,
3,2026-09-01T02:53:30+09:00,7060,2026-08-31,7061,2026-09-01,16,100,0.0015016653000209,0.001,1.5016653000209148,照合済,2026-09-01,882,はずれ,当選なし,
3,2026-09-01T02:53:30+09:00,7060,2026-08-31,7061,2026-09-01,17,838,0.0014923964762986,0.001,1.4923964762986006,照合済,2026-09-01,882,はずれ,当選なし,
3,2026-09-01T02:53:30+09:00,7060,2026-08-31,7061,2026-09-01,18,133,0.0014911807322121,0.001,1.491180732212171,照合済,2026-09-01,882,はずれ,当選なし,
3,2026-09-01T02:53:30+09:00,7060,2026-08-31,7061,2026-09-01,19,837,0.0014883720787756,0.001,1.4883720787756187,照合済,2026-09-01,882,はずれ,当選なし,
3,2026-09-01T02:53:30+09:00,7060,2026-08-31,7061,2026-09-01,20,420,0.0014866156965502,0.001,1.4866156965502428,照合済,2026-09-01,882,はずれ,当選なし,
3,2026-09-02T10:58:47+09:00,7061,2026-09-01,7062,2026-09-02,1,877,0.0014139321734605,0.001,1.413932173460588,照合済,2026-09-02,212,はずれ,当選なし,
3,2026-09-02T10:58:47+09:00,7061,2026-09-01,7062,2026-09-02,2,870,0.0014090697995602,0.001,1.4090697995602457,照合済,2026-09-02,212,はずれ,当選なし,
3,2026-09-02T10:58:47+09:00,7061,2026-09-01,7062,2026-09-02,3,887,0.0013983092492457,0.001,1.398309249245783,照合済,2026-09-02,212,はずれ,当選なし,
3,2026-09-02T10:58:47+09:00,7061,2026-09-01,7062,2026-09-02,4,880,0.0013935299936567,0.001,1.3935299936567933,照合済,2026-09-02,212,はずれ,当選なし,
3,2026-09-02T10:58:47+09:00,7061,2026-09-01,7062,2026-09-02,5,477,0.0013840846758642,0.001,1.3840846758642626,照合済,2026-09-02,212,はずれ,当選なし,
3,2026-09-02T10:58:47+09:00,7061,2026-09-01,7062,2026-09-02,6,470,0.0013793810989704,0.001,1.3793810989704345,照合済,2026-09-02,212,はずれ,当選なし,
3,2026-09-02T10:58:47+09:00,7061,2026-09-01,7062,2026-09-02,7,876,0.0013718943345034,0.001,1.3718943345034034,照合済,2026-09-02,212,はずれ,当選なし,
3,2026-09-02T10:58:47+09:00,7061,2026-09-01,7062,2026-09-02,8,487,0.0013689719702482,0.001,1.368971970248266,照合済,2026-09-02,212,はずれ,当選なし,
3,2026-09-02T10:58:47+09:00,7061,2026-09-01,7062,2026-09-02,9,837,0.0013656645220802,0.001,1.365664522080252,照合済,2026-09-02,212,はずれ,当選なし,
3,2026-09-02T10:58:47+09:00,7061,2026-09-01,7062,2026-09-02,10,480,0.0013643487971606,0.001,1.3643487971606336,照合済,2026-09-02,212,はずれ,当選なし,
3,2026-09-02T10:58:47+09:00,7061,2026-09-01,7062,2026-09-02,11,830,0.0013610589455387,0.001,1.3610589455387485,照合済,2026-09-02,212,はずれ,当選なし,
3,2026-09-02T10:58:47+09:00,7061,2026-09-01,7062,2026-09-02,12,886,0.0013569900128186,0.001,1.3569900128186911,照合済,2026-09-02,212,はずれ,当選なし,
3,2026-09-02T10:58:47+09:00,7061,2026-09-01,7062,2026-09-02,13,476,0.0013434197224818,0.001,1.343419722481812,照合済,2026-09-02,212,はずれ,当選なし,
3,2026-09-02T10:58:47+09:00,7061,2026-09-01,7062,2026-09-02,14,871,0.0013428810838147,0.001,1.3428810838147358,照合済,2026-09-02,212,はずれ,当選なし,
3,2026-09-02T10:58:47+09:00,7061,2026-09-01,7062,2026-09-02,15,437,0.0013373933653223,0.001,1.3373933653223282,照合済,2026-09-02,212,はずれ,当選なし,
3,2026-09-02T10:58:47+09:00,7061,2026-09-01,7062,2026-09-02,16,430,0.0013329381992147,0.001,1.33293819921471,照合済,2026-09-02,212,はずれ,当選なし,
3,2026-09-02T10:58:47+09:00,7061,2026-09-01,7062,2026-09-02,17,486,0.001329002151038,0.001,1.3290021510380667,照合済,2026-09-02,212,はずれ,当選なし,
3,2026-09-02T10:58:47+09:00,7061,2026-09-01,7062,2026-09-02,18,881,0.0013284727199591,0.001,1.3284727199591675,照合済,2026-09-02,212,はずれ,当選なし,
3,2026-09-02T10:58:47+09:00,7061,2026-09-01,7062,2026-09-02,19,836,0.0013258468344805,0.001,1.3258468344805638,照合済,2026-09-02,212,はずれ,当選なし,
3,2026-09-02T10:58:47+09:00,7061,2026-09-01,7062,2026-09-02,20,471,0.0013153539960792,0.001,1.3153539960792326,照合済,2026-09-02,212,はずれ,当選なし,
3,2026-09-02T23:59:35+09:00,7062,2026-09-02,7063,2026-09-03,1,272,0.0014169950589501,0.001,1.4169950589501514,照合済,2026-09-03,166,はずれ,当選なし,
3,2026-09-02T23:59:35+09:00,7062,2026-09-02,7063,2026-09-03,2,872,0.0014090744454725,0.001,1.409074445472581,照合済,2026-09-03,166,はずれ,当選なし,
3,2026-09-02T23:59:35+09:00,7062,2026-09-02,7063,2026-09-03,3,232,0.0014055833434124,0.001,1.405583343412481,照合済,2026-09-03,166,はずれ,当選なし,
3,2026-09-02T23:59:35+09:00,7062,2026-09-02,7063,2026-09-03,4,832,0.0013977612994822,0.001,1.397761299482268,照合済,2026-09-03,166,はずれ,当選なし,
3,2026-09-02T23:59:35+09:00,7062,2026-09-02,7063,2026-09-03,5,282,0.0013922854564246,0.001,1.3922854564246627,照合済,2026-09-03,166,はずれ,当選なし,
3,2026-09-02T23:59:35+09:00,7062,2026-09-02,7063,2026-09-03,6,882,0.0013845782739889,0.001,1.3845782739889263,照合済,2026-09-03,166,はずれ,当選なし,
3,2026-09-02T23:59:35+09:00,7062,2026-09-02,7063,2026-09-03,7,472,0.0013658580872437,0.001,1.3658580872437107,照合済,2026-09-03,166,はずれ,当選なし,
3,2026-09-02T23:59:35+09:00,7062,2026-09-02,7063,2026-09-03,8,432,0.0013550827552599,0.001,1.355082755259993,照合済,2026-09-03,166,はずれ,当選なし,
3,2026-09-02T23:59:35+09:00,7062,2026-09-02,7063,2026-09-03,9,172,0.0013483930106039,0.001,1.3483930106039614,照合済,2026-09-03,166,はずれ,当選なし,
3,2026-09-02T23:59:35+09:00,7062,2026-09-02,7063,2026-09-03,10,482,0.0013425264357037,0.001,1.3425264357037705,照合済,2026-09-03,166,はずれ,当選なし,
3,2026-09-02T23:59:35+09:00,7062,2026-09-02,7063,2026-09-03,11,132,0.0013378350260143,0.001,1.337835026014334,照合済,2026-09-03,166,はずれ,当選なし,
3,2026-09-02T23:59:35+09:00,7062,2026-09-02,7063,2026-09-03,12,278,0.0013343254506476,0.001,1.3343254506476294,照合済,2026-09-03,166,はずれ,当選なし,
3,2026-09-02T23:59:35+09:00,7062,2026-09-02,7063,2026-09-03,13,878,0.0013271189021012,0.001,1.3271189021012877,照合済,2026-09-03,166,はずれ,当選なし,
3,2026-09-02T23:59:35+09:00,7062,2026-09-02,7063,2026-09-03,14,182,0.0013255319778504,0.001,1.3255319778504946,照合済,2026-09-03,166,はずれ,当選なし,
3,2026-09-02T23:59:35+09:00,7062,2026-09-02,7063,2026-09-03,15,238,0.0013239425324239,0.001,1.323942532423915,照合済,2026-09-03,166,はずれ,当選なし,
3,2026-09-02T23:59:35+09:00,7062,2026-09-02,7063,2026-09-03,16,838,0.0013168256671111,0.001,1.316825667111105,照合済,2026-09-03,166,はずれ,当選なし,
3,2026-09-02T23:59:35+09:00,7062,2026-09-02,7063,2026-09-03,17,277,0.001316340746409,0.001,1.316340746409049,照合済,2026-09-03,166,はずれ,当選なし,
3,2026-09-02T23:59:35+09:00,7062,2026-09-02,7063,2026-09-03,18,288,0.0013118434862562,0.001,1.3118434862562345,照合済,2026-09-03,166,はずれ,当選なし,
3,2026-09-02T23:59:35+09:00,7062,2026-09-02,7063,2026-09-03,19,877,0.001309289542092,0.001,1.3092895420920925,照合済,2026-09-03,166,はずれ,当選なし,
3,2026-09-02T23:59:35+09:00,7062,2026-09-02,7063,2026-09-03,20,237,0.0013061816421817,0.001,1.3061816421817098,照合済,2026-09-03,166,はずれ,当選なし,
3,2026-09-03T22:09:29+09:00,7063,2026-09-03,7064,2026-09-04,1,877,0.001663392857681,0.001,1.6633928576810637,照合済,2026-09-04,251,はずれ,当選なし,
3,2026-09-03T22:09:29+09:00,7063,2026-09-03,7064,2026-09-04,2,878,0.0016540751043077,0.001,1.6540751043077937,照合済,2026-09-04,251,はずれ,当選なし,
3,2026-09-03T22:09:29+09:00,7063,2026-09-03,7064,2026-09-04,3,477,0.0015954399186618,0.001,1.5954399186618389,照合済,2026-09-04,251,はずれ,当選なし,
3,2026-09-03T22:09:29+09:00,7063,2026-09-03,7064,2026-09-04,4,478,0.001586666408553,0.001,1.5866664085530768,照合済,2026-09-04,251,はずれ,当選なし,
3,2026-09-03T22:09:29+09:00,7063,2026-09-03,7064,2026-09-04,5,177,0.0015715296689945,0.001,1.5715296689945015,照合済,2026-09-04,251,はずれ,当選なし,
3,2026-09-03T22:09:29+09:00,7063,2026-09-03,7064,2026-09-04,6,178,0.0015629476589521,0.001,1.5629476589521385,照合済,2026-09-04,251,はずれ,当選なし,
3,2026-09-03T22:09:29+09:00,7063,2026-09-03,7064,2026-09-04,7,870,0.0015472899430781,0.001,1.547289943078178,照合済,2026-09-04,251,はずれ,当選なし,
3,2026-09-03T22:09:29+09:00,7063,2026-09-03,7064,2026-09-04,8,867,0.0015217038949497,0.001,1.521703894949751,照合済,2026-09-04,251,はずれ,当選なし,
3,2026-09-03T22:09:29+09:00,7063,2026-09-03,7064,2026-09-04,9,868,0.0015135209455266,0.001,1.5135209455266068,照合済,2026-09-04,251,はずれ,当選なし,
3,2026-09-03T22:09:29+09:00,7063,2026-09-03,7064,2026-09-04,10,777,0.0015015735278234,0.001,1.5015735278234126,照合済,2026-09-04,251,はずれ,当選なし,
3,2026-09-03T22:09:29+09:00,7063,2026-09-03,7064,2026-09-04,11,778,0.0014935518049326,0.001,1.4935518049326115,照合済,2026-09-04,251,はずれ,当選なし,
3,2026-09-03T22:09:29+09:00,7063,2026-09-03,7064,2026-09-04,12,277,0.0014910100387826,0.001,1.4910100387826883,照合済,2026-09-04,251,はずれ,当選なし,
3,2026-09-03T22:09:29+09:00,7063,2026-09-03,7064,2026-09-04,13,470,0.0014861184916913,0.001,1.4861184916913333,照合済,2026-09-04,251,はずれ,当選なし,
3,2026-09-03T22:09:29+09:00,7063,2026-09-03,7064,2026-09-04,14,278,0.0014830729201465,0.001,1.483072920146583,照合済,2026-09-04,251,はずれ,当選なし,
3,2026-09-03T22:09:29+09:00,7063,2026-09-03,7064,2026-09-04,15,170,0.0014645944090499,0.001,1.4645944090499774,照合済,2026-09-04,251,はずれ,当選なし,
3,2026-09-03T22:09:29+09:00,7063,2026-09-03,7064,2026-09-04,16,467,0.0014620269062087,0.001,1.4620269062087226,照合済,2026-09-04,251,はずれ,当選なし,
3,2026-09-03T22:09:29+09:00,7063,2026-09-03,7064,2026-09-04,17,876,0.0014572512163243,0.001,1.4572512163243907,照合済,2026-09-04,251,はずれ,当選なし,
3,2026-09-03T22:09:29+09:00,7063,2026-09-03,7064,2026-09-04,18,468,0.0014543219169685,0.001,1.4543219169685702,照合済,2026-09-04,251,はずれ,当選なし,
3,2026-09-03T22:09:29+09:00,7063,2026-09-03,7064,2026-09-04,19,167,0.0014410286724194,0.001,1.4410286724194656,照合済,2026-09-04,251,はずれ,当選なし,
3,2026-09-03T22:09:29+09:00,7063,2026-09-03,7064,2026-09-04,20,872,0.0014362762274516,0.001,1.436276227451688,照合済,2026-09-04,251,はずれ,当選なし,
3,2026-09-06T22:56:56+09:00,7064,2026-09-04,7065,2026-09-07,1,167,0.0015121826273316,0.001,1.512182627331674,照合済,2026-09-07,282,はずれ,当選なし,
3,2026-09-06T22:56:56+09:00,7064,2026-09-04,7065,2026-09-07,2,187,0.0015034899978529,0.001,1.5034899978529028,照合済,2026-09-07,282,はずれ,当選なし,
3,2026-09-06T22:56:56+09:00,7064,2026-09-04,7065,2026-09-07,3,160,0.0014957618725203,0.001,1.4957618725203716,照合済,2026-09-07,282,はずれ,当選なし,
3,2026-09-06T22:56:56+09:00,7064,2026-09-04,7065,2026-09-07,4,180,0.0014872102645662,0.001,1.4872102645662564,照合済,2026-09-07,282,はずれ,当選なし,
3,2026-09-06T22:56:56+09:00,7064,2026-09-04,7065,2026-09-07,5,177,0.0014812327388234,0.001,1.481232738823471,照合済,2026-09-07,282,はずれ,当選なし,
3,2026-09-06T22:56:56+09:00,7064,2026-09-04,7065,2026-09-07,6,170,0.0014653140876018,0.001,1.4653140876018835,照合済,2026-09-07,282,はずれ,当選なし,
3,2026-09-06T22:56:56+09:00,7064,2026-09-04,7065,2026-09-07,7,137,0.0014241678395975,0.001,1.4241678395975317,照合済,2026-09-07,282,はずれ,当選なし,
3,2026-09-06T22:56:56+09:00,7064,2026-09-04,7065,2026-09-07,8,267,0.001413313860763,0.001,1.4133138607630586,照合済,2026-09-07,282,はずれ,当選なし,
3,2026-09-06T22:56:56+09:00,7064,2026-09-04,7065,2026-09-07,9,130,0.0014091749587786,0.001,1.4091749587786542,照合済,2026-09-07,282,はずれ,当選なし,
3,2026-09-06T22:56:56+09:00,7064,2026-09-04,7065,2026-09-07,10,287,0.0014054703167473,0.001,1.4054703167473226,照合済,2026-09-07,282,はずれ,当選なし,
3,2026-09-06T22:56:56+09:00,7064,2026-09-04,7065,2026-09-07,11,260,0.0013984970652872,0.001,1.3984970652872362,照合済,2026-09-07,282,はずれ,当選なし,
3,2026-09-06T22:56:56+09:00,7064,2026-09-04,7065,2026-09-07,12,280,0.0013907807679853,0.001,1.3907807679853406,照合済,2026-09-07,282,はずれ,当選なし,
3,2026-09-06T22:56:56+09:00,7064,2026-09-04,7065,2026-09-07,13,166,0.0013893628051276,0.001,1.3893628051276865,照合済,2026-09-07,282,はずれ,当選なし,
3,2026-09-06T22:56:56+09:00,7064,2026-09-04,7065,2026-09-07,14,277,0.0013853871196786,0.001,1.385387119678665,照合済,2026-09-07,282,はずれ,当選なし,
3,2026-09-06T22:56:56+09:00,7064,2026-09-04,7065,2026-09-07,15,186,0.0013817249528978,0.001,1.3817249528978417,照合済,2026-09-07,282,はずれ,当選なし,
3,2026-09-06T22:56:56+09:00,7064,2026-09-04,7065,2026-09-07,16,270,0.0013710233829252,0.001,1.371023382925293,照合済,2026-09-07,282,はずれ,当選なし,
3,2026-09-06T22:56:56+09:00,7064,2026-09-04,7065,2026-09-07,17,168,0.00136979261257,0.001,1.3697926125700643,照合済,2026-09-07,282,はずれ,当選なし,
3,2026-09-06T22:56:56+09:00,7064,2026-09-04,7065,2026-09-07,18,188,0.001362322829252,0.001,1.3623228292520324,照合済,2026-09-07,282,はずれ,当選なし,
3,2026-09-06T22:56:56+09:00,7064,2026-09-04,7065,2026-09-07,19,176,0.0013621684244707,0.001,1.3621684244707015,照合済,2026-09-07,282,はずれ,当選なし,
3,2026-09-06T22:56:56+09:00,7064,2026-09-04,7065,2026-09-07,20,178,0.0013431966370441,0.001,1.343196637044117,照合済,2026-09-07,282,はずれ,当選なし,
3,2026-09-08T01:18:15+09:00,7065,2026-09-07,7066,2026-09-08,1,282,0.0016300675358066,0.001,1.630067535806639,照合済,2026-09-08,294,はずれ,当選なし,
3,2026-09-08T01:18:15+09:00,7065,2026-09-07,7066,2026-09-08,2,287,0.0015204419230644,0.001,1.5204419230644797,照合済,2026-09-08,294,はずれ,当選なし,
3,2026-09-08T01:18:15+09:00,7065,2026-09-07,7066,2026-09-08,3,182,0.0015119703671348,0.001,1.5119703671348774,照合済,2026-09-08,294,はずれ,当選なし,
3,2026-09-08T01:18:15+09:00,7065,2026-09-07,7066,2026-09-08,4,281,0.0014782692468674,0.001,1.478269246867426,照合済,2026-09-08,294,はずれ,当選なし,
3,2026-09-08T01:18:15+09:00,7065,2026-09-07,7066,2026-09-08,5,288,0.0014715463493133,0.001,1.4715463493133911,照合済,2026-09-08,294,はずれ,当選なし,
3,2026-09-08T01:18:15+09:00,7065,2026-09-07,7066,2026-09-08,6,286,0.0014560474720138,0.001,1.4560474720138414,照合済,2026-09-08,294,はずれ,当選なし,
3,2026-09-08T01:18:15+09:00,7065,2026-09-07,7066,2026-09-08,7,272,0.0014434193086621,0.001,1.4434193086621834,照合済,2026-09-08,294,はずれ,当選なし,
3,2026-09-08T01:18:15+09:00,7065,2026-09-07,7066,2026-09-08,8,882,0.0014275884708669,0.001,1.4275884708669762,照合済,2026-09-08,294,はずれ,当選なし,
3,2026-09-08T01:18:15+09:00,7065,2026-09-07,7066,2026-09-08,9,187,0.0014138011267497,0.001,1.413801126749716,照合済,2026-09-08,294,はずれ,当選なし,
3,2026-09-08T01:18:15+09:00,7065,2026-09-07,7066,2026-09-08,10,232,0.001397960393756,0.001,1.3979603937560494,照合済,2026-09-08,294,はずれ,当選なし,
3,2026-09-08T01:18:15+09:00,7065,2026-09-07,7066,2026-09-08,11,280,0.0013958326903458,0.001,1.3958326903458511,照合済,2026-09-08,294,はずれ,当選なし,
3,2026-09-08T01:18:15+09:00,7065,2026-09-07,7066,2026-09-08,12,782,0.0013954586635097,0.001,1.3954586635097863,照合済,2026-09-08,294,はずれ,当選なし,
3,2026-09-08T01:18:15+09:00,7065,2026-09-07,7066,2026-09-08,13,222,0.0013868404640475,0.001,1.3868404640475864,照合済,2026-09-08,294,はずれ,当選なし,
3,2026-09-08T01:18:15+09:00,7065,2026-09-07,7066,2026-09-08,14,181,0.0013760356859579,0.001,1.376035685957959,照合済,2026-09-08,294,はずれ,当選なし,
3,2026-09-08T01:18:15+09:00,7065,2026-09-07,7066,2026-09-08,15,252,0.0013712346705787,0.001,1.3712346705787155,照合済,2026-09-08,294,はずれ,当選なし,
3,2026-09-08T01:18:15+09:00,7065,2026-09-07,7066,2026-09-08,16,188,0.0013700153616052,0.001,1.3700153616052992,照合済,2026-09-08,294,はずれ,当選なし,
3,2026-09-08T01:18:15+09:00,7065,2026-09-07,7066,2026-09-08,17,482,0.0013617541782008,0.001,1.361754178200894,照合済,2026-09-08,294,はずれ,当選なし,
3,2026-09-08T01:18:15+09:00,7065,2026-09-07,7066,2026-09-08,18,202,0.0013594486898114,0.001,1.359448689811435,照合済,2026-09-08,294,はずれ,当選なし,
3,2026-09-08T01:18:15+09:00,7065,2026-09-07,7066,2026-09-08,19,186,0.0013561361870833,0.001,1.3561361870833903,照合済,2026-09-08,294,はずれ,当選なし,
3,2026-09-08T01:18:15+09:00,7065,2026-09-07,7066,2026-09-08,20,277,0.001351900070645,0.001,1.3519000706450914,照合済,2026-09-08,294,はずれ,当選なし,
3,2026-09-08T23:54:30+09:00,7066,2026-09-08,7067,2026-09-09,1,288,0.0017296047983463,0.001,1.7296047983463565,照合済,2026-09-09,650,はずれ,当選なし,
3,2026-09-08T23:54:30+09:00,7066,2026-09-08,7067,2026-09-09,2,287,0.0016712315770619,0.001,1.671231577061932,照合済,2026-09-09,650,はずれ,当選なし,
3,2026-09-08T23:54:30+09:00,7066,2026-09-08,7067,2026-09-09,3,268,0.0016491766344814,0.001,1.6491766344814691,照合済,2026-09-09,650,はずれ,当選なし,
3,2026-09-08T23:54:30+09:00,7066,2026-09-08,7067,2026-09-09,4,278,0.0016302437367496,0.001,1.6302437367496203,照合済,2026-09-09,650,はずれ,当選なし,
3,2026-09-08T23:54:30+09:00,7066,2026-09-08,7067,2026-09-09,5,267,0.0015946215920241,0.001,1.5946215920241762,照合済,2026-09-09,650,はずれ,当選なし,
3,2026-09-08T23:54:30+09:00,7066,2026-09-08,7067,2026-09-09,6,282,0.0015816214198477,0.001,1.581621419847712,照合済,2026-09-09,650,はずれ,当選なし,
3,2026-09-08T23:54:30+09:00,7066,2026-09-08,7067,2026-09-09,7,277,0.0015765874987133,0.001,1.5765874987133437,照合済,2026-09-09,650,はずれ,当選なし,
3,2026-09-08T23:54:30+09:00,7066,2026-09-08,7067,2026-09-09,8,238,0.0015464868796168,0.001,1.5464868796168951,照合済,2026-09-09,650,はずれ,当選なし,
3,2026-09-08T23:54:30+09:00,7066,2026-09-08,7067,2026-09-09,9,228,0.0015164680739991,0.001,1.5164680739991456,照合済,2026-09-09,650,はずれ,当選なし,
3,2026-09-08T23:54:30+09:00,7066,2026-09-08,7067,2026-09-09,10,262,0.0015108728143508,0.001,1.510872814350827,照合済,2026-09-09,650,はずれ,当選なし,
3,2026-09-08T23:54:30+09:00,7066,2026-09-08,7067,2026-09-09,11,237,0.0014968068439848,0.001,1.4968068439848965,照合済,2026-09-09,650,はずれ,当選なし,
3,2026-09-08T23:54:30+09:00,7066,2026-09-08,7067,2026-09-09,12,272,0.0014942184976515,0.001,1.4942184976515962,照合済,2026-09-09,650,はずれ,当選なし,
3,2026-09-08T23:54:30+09:00,7066,2026-09-08,7067,2026-09-09,13,258,0.0014800156833931,0.001,1.480015683393125,照合済,2026-09-09,650,はずれ,当選なし,
3,2026-09-08T23:54:30+09:00,7066,2026-09-08,7067,2026-09-09,14,218,0.0014763061232585,0.001,1.4763061232585633,照合済,2026-09-09,650,はずれ,当選なし,
3,2026-09-08T23:54:30+09:00,7066,2026-09-08,7067,2026-09-09,15,298,0.0014761400605674,0.001,1.476140060567495,照合済,2026-09-09,650,はずれ,当選なし,
3,2026-09-08T23:54:30+09:00,7066,2026-09-08,7067,2026-09-09,16,188,0.0014759948559894,0.001,1.4759948559894116,照合済,2026-09-09,650,はずれ,当選なし,
3,2026-09-08T23:54:30+09:00,7066,2026-09-08,7067,2026-09-09,17,286,0.0014696990891161,0.001,1.4696990891161723,照合済,2026-09-09,650,はずれ,当選なし,
3,2026-09-08T23:54:30+09:00,7066,2026-09-08,7067,2026-09-09,18,227,0.0014682131258305,0.001,1.4682131258305138,照合済,2026-09-09,650,はずれ,当選なし,
3,2026-09-08T23:54:30+09:00,7066,2026-09-08,7067,2026-09-09,19,284,0.0014582739230481,0.001,1.4582739230481427,照合済,2026-09-09,650,はずれ,当選なし,
3,2026-09-08T23:54:30+09:00,7066,2026-09-08,7067,2026-09-09,20,280,0.0014577625907091,0.001,1.457762590709107,照合済,2026-09-09,650,はずれ,当選なし,
3,2026-09-10T07:26:55+09:00,7067,2026-09-09,7068,2026-09-10,1,280,0.0015453382506011,0.001,1.5453382506011568,照合済,2026-09-10,960,はずれ,当選なし,
3,2026-09-10T07:26:55+09:00,7067,2026-09-09,7068,2026-09-10,2,250,0.0015233389938596,0.001,1.5233389938596062,照合済,2026-09-10,960,はずれ,当選なし,
3,2026-09-10T07:26:55+09:00,7067,2026-09-09,7068,2026-09-10,3,230,0.0015035728721531,0.001,1.5035728721531472,照合済,2026-09-10,960,はずれ,当選なし,
3,2026-09-10T07:26:55+09:00,7067,2026-09-09,7068,2026-09-10,4,288,0.0015028286007882,0.001,1.502828600788294,照合済,2026-09-10,960,はずれ,当選なし,
3,2026-09-10T07:26:55+09:00,7067,2026-09-09,7068,2026-09-10,5,258,0.0014817239642327,0.001,1.4817239642327826,照合済,2026-09-10,960,はずれ,当選なし,
3,2026-09-10T07:26:55+09:00,7067,2026-09-09,7068,2026-09-10,6,238,0.0014627616502042,0.001,1.4627616502042848,照合済,2026-09-10,960,はずれ,当選なし,
3,2026-09-10T07:26:55+09:00,7067,2026-09-09,7068,2026-09-10,7,287,0.0014511802205312,0.001,1.451180220531284,照合済,2026-09-10,960,はずれ,当選なし,
3,2026-09-10T07:26:55+09:00,7067,2026-09-09,7068,2026-09-10,8,680,0.0014354375073081,0.001,1.4354375073081524,照合済,2026-09-10,960,はずれ,当選なし,
3,2026-09-10T07:26:55+09:00,7067,2026-09-09,7068,2026-09-10,9,257,0.0014311625297341,0.001,1.4311625297341486,照合済,2026-09-10,960,はずれ,当選なし,
3,2026-09-10T07:26:55+09:00,7067,2026-09-09,7068,2026-09-10,10,260,0.0014177795988609,0.001,1.4177795988609785,照合済,2026-09-10,960,ミニ,"ミニ=10,100円",10100.0
3,2026-09-10T07:26:55+09:00,7067,2026-09-09,7068,2026-09-10,11,650,0.0014157511236164,0.001,1.4157511236164493,照合済,2026-09-10,960,はずれ,当選なし,
3,2026-09-10T07:26:55+09:00,7067,2026-09-09,7068,2026-09-10,12,237,0.0014131768260703,0.001,1.4131768260703004,照合済,2026-09-10,960,はずれ,当選なし,
3,2026-09-10T07:26:55+09:00,7067,2026-09-09,7068,2026-09-10,13,270,0.0013982657417591,0.001,1.3982657417591542,照合済,2026-09-10,960,はずれ,当選なし,
3,2026-09-10T07:26:55+09:00,7067,2026-09-09,7068,2026-09-10,14,630,0.001398063096217,0.001,1.398063096217082,照合済,2026-09-10,960,はずれ,当選なし,
3,2026-09-10T07:26:55+09:00,7067,2026-09-09,7068,2026-09-10,15,688,0.0013973970731858,0.001,1.3973970731858782,照合済,2026-09-10,960,はずれ,当選なし,
3,2026-09-10T07:26:55+09:00,7067,2026-09-09,7068,2026-09-10,16,290,0.0013844783053692,0.001,1.3844783053692604,照合済,2026-09-10,960,はずれ,当選なし,
3,2026-09-10T07:26:55+09:00,7067,2026-09-09,7068,2026-09-10,17,268,0.0013804572399685,0.001,1.3804572399685018,照合済,2026-09-10,960,はずれ,当選なし,
3,2026-09-10T07:26:55+09:00,7067,2026-09-09,7068,2026-09-10,18,658,0.0013785112545517,0.001,1.3785112545517866,照合済,2026-09-10,960,はずれ,当選なし,
3,2026-09-10T07:26:55+09:00,7067,2026-09-09,7068,2026-09-10,19,180,0.0013782233716609,0.001,1.3782233716609689,照合済,2026-09-10,960,はずれ,当選なし,
3,2026-09-10T07:26:55+09:00,7067,2026-09-09,7068,2026-09-10,20,289,0.0013629112096104,0.001,1.362911209610426,照合済,2026-09-10,960,はずれ,当選なし,
3,2026-09-10T23:50:57+09:00,7068,2026-09-10,7069,2026-09-11,1,260,0.001678259263421,0.001,1.678259263421096,照合済,2026-09-11,908,はずれ,当選なし,
3,2026-09-10T23:50:57+09:00,7068,2026-09-10,7069,2026-09-11,2,660,0.001648395310291,0.001,1.6483953102910278,照合済,2026-09-11,908,はずれ,当選なし,
3,2026-09-10T23:50:57+09:00,7068,2026-09-10,7069,2026-09-11,3,160,0.0016283524775883,0.001,1.6283524775883471,照合済,2026-09-11,908,はずれ,当選なし,
3,2026-09-10T23:50:57+09:00,7068,2026-09-10,7069,2026-09-11,4,250,0.0015987788892733,0.001,1.598778889273372,照合済,2026-09-11,908,はずれ,当選なし,
3,2026-09-10T23:50:57+09:00,7068,2026-09-10,7069,2026-09-11,5,960,0.0015816528696209,0.001,1.5816528696209815,照合済,2026-09-11,908,はずれ,当選なし,
3,2026-09-10T23:50:57+09:00,7068,2026-09-10,7069,2026-09-11,6,650,0.0015709294317997,0.001,1.5709294317997318,照合済,2026-09-11,908,はずれ,当選なし,
3,2026-09-10T23:50:57+09:00,7068,2026-09-10,7069,2026-09-11,7,150,0.0015522386036105,0.001,1.552238603610527,照合済,2026-09-11,908,はずれ,当選なし,
3,2026-09-10T23:50:57+09:00,7068,2026-09-10,7069,2026-09-11,8,280,0.0015480986421461,0.001,1.5480986421461589,照合済,2026-09-11,908,はずれ,当選なし,
3,2026-09-10T23:50:57+09:00,7068,2026-09-10,7069,2026-09-11,9,200,0.001542058400144,0.001,1.5420584001440774,照合済,2026-09-11,908,はずれ,当選なし,
3,2026-09-10T23:50:57+09:00,7068,2026-09-10,7069,2026-09-11,10,680,0.0015215337173486,0.001,1.5215337173486572,照合済,2026-09-11,908,はずれ,当選なし,
3,2026-09-10T23:50:57+09:00,7068,2026-09-10,7069,2026-09-11,11,600,0.0015156465702634,0.001,1.5156465702634965,照合済,2026-09-11,908,はずれ,当選なし,
3,2026-09-10T23:50:57+09:00,7068,2026-09-10,7069,2026-09-11,12,950,0.0015086891531925,0.001,1.5086891531925457,照合済,2026-09-11,908,はずれ,当選なし,
3,2026-09-10T23:50:57+09:00,7068,2026-09-10,7069,2026-09-11,13,180,0.0015037049878044,0.001,1.503704987804492,照合済,2026-09-11,908,はずれ,当選なし,
3,2026-09-10T23:50:57+09:00,7068,2026-09-10,7069,2026-09-11,14,100,0.0014979205885301,0.001,1.497920588530182,照合済,2026-09-11,908,はずれ,当選なし,
3,2026-09-10T23:50:57+09:00,7068,2026-09-10,7069,2026-09-11,15,460,0.0014960123895267,0.001,1.4960123895267166,照合済,2026-09-11,908,はずれ,当選なし,
3,2026-09-10T23:50:57+09:00,7068,2026-09-10,7069,2026-09-11,16,230,0.0014862078915317,0.001,1.4862078915317647,照合済,2026-09-11,908,はずれ,当選なし,
3,2026-09-10T23:50:57+09:00,7068,2026-09-10,7069,2026-09-11,17,290,0.0014814551984615,0.001,1.4814551984615236,照合済,2026-09-11,908,はずれ,当選なし,
3,2026-09-10T23:50:57+09:00,7068,2026-09-10,7069,2026-09-11,18,860,0.0014811523436511,0.001,1.4811523436511205,照合済,2026-09-11,908,はずれ,当選なし,
3,2026-09-10T23:50:57+09:00,7068,2026-09-10,7069,2026-09-11,19,270,0.0014705691780779,0.001,1.4705691780779688,照合済,2026-09-11,908,はずれ,当選なし,
3,2026-09-10T23:50:57+09:00,7068,2026-09-10,7069,2026-09-11,20,980,0.0014621642189611,0.001,1.4621642189611062,照合済,2026-09-11,908,ボックス / セット(ボックス),"ボックス=12,000円 / セット(ボックス)=6,000円",12000.0
3,2026-09-13T23:49:26+09:00,7069,2026-09-11,7070,2026-09-14,1,970,0.0016522322784698,0.001,1.6522322784698071,照合済,2026-09-14,188,はずれ,当選なし,
3,2026-09-13T23:49:26+09:00,7069,2026-09-11,7070,2026-09-14,2,900,0.0016210094664578,0.001,1.6210094664578742,照合済,2026-09-14,188,はずれ,当選なし,
3,2026-09-13T23:49:26+09:00,7069,2026-09-11,7070,2026-09-14,3,960,0.0016156733208436,0.001,1.6156733208436778,照合済,2026-09-14,188,はずれ,当選なし,
3,2026-09-13T23:49:26+09:00,7069,2026-09-11,7070,2026-09-14,4,930,0.0015473825194708,0.001,1.547382519470852,照合済,2026-09-14,188,はずれ,当選なし,
3,2026-09-13T23:49:26+09:00,7069,2026-09-11,7070,2026-09-14,5,980,0.0014992033212988,0.001,1.4992033212988398,照合済,2026-09-14,188,はずれ,当選なし,
3,2026-09-13T23:49:26+09:00,7069,2026-09-11,7070,2026-09-14,6,978,0.001493791687725,0.001,1.493791687725054,照合済,2026-09-14,188,はずれ,当選なし,
3,2026-09-13T23:49:26+09:00,7069,2026-09-11,7070,2026-09-14,7,270,0.0014777541717781,0.001,1.4777541717781366,照合済,2026-09-14,188,はずれ,当選なし,
3,2026-09-13T23:49:26+09:00,7069,2026-09-11,7070,2026-09-14,8,908,0.0014668622468261,0.001,1.4668622468261512,照合済,2026-09-14,188,はずれ,当選なし,
3,2026-09-13T23:49:26+09:00,7069,2026-09-11,7070,2026-09-14,9,968,0.0014622598613046,0.001,1.4622598613046127,照合済,2026-09-14,188,はずれ,当選なし,
3,2026-09-13T23:49:26+09:00,7069,2026-09-11,7070,2026-09-14,10,200,0.0014512593102213,0.001,1.451259310221356,照合済,2026-09-14,188,はずれ,当選なし,
3,2026-09-13T23:49:26+09:00,7069,2026-09-11,7070,2026-09-14,11,260,0.0014467311966343,0.001,1.446731196634376,照合済,2026-09-14,188,はずれ,当選なし,
3,2026-09-13T23:49:26+09:00,7069,2026-09-11,7070,2026-09-14,12,170,0.0014313699898948,0.001,1.4313699898948415,照合済,2026-09-14,188,はずれ,当選なし,
3,2026-09-13T23:49:26+09:00,7069,2026-09-11,7070,2026-09-14,13,100,0.0014061320316711,0.001,1.406132031671122,照合済,2026-09-14,188,はずれ,当選なし,
3,2026-09-13T23:49:26+09:00,7069,2026-09-11,7070,2026-09-14,14,670,0.0014051990762101,0.001,1.4051990762101134,照合済,2026-09-14,188,はずれ,当選なし,
3,2026-09-13T23:49:26+09:00,7069,2026-09-11,7070,2026-09-14,15,938,0.0014033595579365,0.001,1.4033595579365057,照合済,2026-09-14,188,はずれ,当選なし,
3,2026-09-13T23:49:26+09:00,7069,2026-09-11,7070,2026-09-14,16,160,0.0014018187295881,0.001,1.401818729588167,照合済,2026-09-14,188,はずれ,当選なし,
3,2026-09-13T23:49:26+09:00,7069,2026-09-11,7070,2026-09-14,17,950,0.001399929669197,0.001,1.3999296691970886,照合済,2026-09-14,188,はずれ,当選なし,
3,2026-09-13T23:49:26+09:00,7069,2026-09-11,7070,2026-09-14,18,974,0.0013891387535262,0.001,1.3891387535262625,照合済,2026-09-14,188,はずれ,当選なし,
3,2026-09-13T23:49:26+09:00,7069,2026-09-11,7070,2026-09-14,19,230,0.0013887814089188,0.001,1.3887814089188062,照合済,2026-09-14,188,はずれ,当選なし,
3,2026-09-13T23:49:26+09:00,7069,2026-09-11,7070,2026-09-14,20,600,0.0013806702888136,0.001,1.3806702888136897,照合済,2026-09-14,188,はずれ,当選なし,
3,2026-09-15T01:47:55+09:00,7070,2026-09-14,7071,2026-09-15,1,180,0.001810371408298,0.001,1.810371408298083,照合済,2026-09-15,553,はずれ,当選なし,
3,2026-09-15T01:47:55+09:00,7070,2026-09-14,7071,2026-09-15,2,188,0.0017419259583761,0.001,1.7419259583761402,照合済,2026-09-15,553,はずれ,当選なし,
3,2026-09-15T01:47:55+09:00,7070,2026-09-14,7071,2026-09-15,3,280,0.0017292569803817,0.001,1.729256980381778,照合済,2026-09-15,553,はずれ,当選なし,
3,2026-09-15T01:47:55+09:00,7070,2026-09-14,7071,2026-09-15,4,288,0.0016650484311421,0.001,1.665048431142141,照合済,2026-09-15,553,はずれ,当選なし,
3,2026-09-15T01:47:55+09:00,7070,2026-09-14,7071,2026-09-15,5,880,0.0015884735053476,0.001,1.5884735053476566,照合済,2026-09-15,553,はずれ,当選なし,
3,2026-09-15T01:47:55+09:00,7070,2026-09-14,7071,2026-09-15,6,170,0.0015471556976921,0.001,1.5471556976921317,照合済,2026-09-15,553,はずれ,当選なし,
3,2026-09-15T01:47:55+09:00,7070,2026-09-14,7071,2026-09-15,7,888,0.0015316185874748,0.001,1.531618587474871,照合済,2026-09-15,553,はずれ,当選なし,
3,2026-09-15T01:47:55+09:00,7070,2026-09-14,7071,2026-09-15,8,480,0.0015079328066902,0.001,1.5079328066902264,照合済,2026-09-15,553,はずれ,当選なし,
3,2026-09-15T01:47:55+09:00,7070,2026-09-14,7071,2026-09-15,9,186,0.0015065320622033,0.001,1.506532062203314,照合済,2026-09-15,553,はずれ,当選なし,
3,2026-09-15T01:47:55+09:00,7070,2026-09-14,7071,2026-09-15,10,178,0.0014924589587271,0.001,1.4924589587271433,照合済,2026-09-15,553,はずれ,当選なし,
3,2026-09-15T01:47:55+09:00,7070,2026-09-14,7071,2026-09-15,11,980,0.0014843109797911,0.001,1.484310979791179,照合済,2026-09-15,553,はずれ,当選なし,
3,2026-09-15T01:47:55+09:00,7070,2026-09-14,7071,2026-09-15,12,150,0.001483338129153,0.001,1.483338129153098,照合済,2026-09-15,553,はずれ,当選なし,
3,2026-09-15T01:47:55+09:00,7070,2026-09-14,7071,2026-09-15,13,270,0.0014823348119343,0.001,1.4823348119343167,照合済,2026-09-15,553,はずれ,当選なし,
3,2026-09-15T01:47:55+09:00,7070,2026-09-14,7071,2026-09-15,14,130,0.0014817375414408,0.001,1.4817375414408958,照合済,2026-09-15,553,はずれ,当選なし,
3,2026-09-15T01:47:55+09:00,7070,2026-09-14,7071,2026-09-15,15,100,0.0014800309912095,0.001,1.480030991209554,照合済,2026-09-15,553,はずれ,当選なし,
3,2026-09-15T01:47:55+09:00,7070,2026-09-14,7071,2026-09-15,16,680,0.0014768242758367,0.001,1.4768242758367518,照合済,2026-09-15,553,はずれ,当選なし,
3,2026-09-15T01:47:55+09:00,7070,2026-09-14,7071,2026-09-15,17,187,0.0014613210251075,0.001,1.461321025107579,照合済,2026-09-15,553,はずれ,当選なし,
3,2026-09-15T01:47:55+09:00,7070,2026-09-14,7071,2026-09-15,18,488,0.0014552848215402,0.001,1.4552848215402745,照合済,2026-09-15,553,はずれ,当選なし,
3,2026-09-15T01:47:55+09:00,7070,2026-09-14,7071,2026-09-15,19,286,0.0014442258550562,0.001,1.4442258550562266,照合済,2026-09-15,553,はずれ,当選なし,
3,2026-09-15T01:47:55+09:00,7070,2026-09-14,7071,2026-09-15,20,184,0.001438870065603,0.001,1.4388700656030455,照合済,2026-09-15,553,はずれ,当選なし,
3,2026-09-16T00:27:56+09:00,7071,2026-09-15,7072,2026-09-16,1,680,0.0015130488439648,0.001,1.5130488439648,照合済,2026-09-16,229,はずれ,当選なし,
3,2026-09-16T00:27:56+09:00,7071,2026-09-15,7072,2026-09-16,2,380,0.001497249746094,0.001,1.4972497460940448,照合済,2026-09-16,229,はずれ,当選なし,
3,2026-09-16T00:27:56+09:00,7071,2026-09-15,7072,2026-09-16,3,180,0.0014966069833751,0.001,1.4966069833751288,照合済,2026-09-16,229,はずれ,当選なし,
3,2026-09-16T00:27:56+09:00,7071,2026-09-15,7072,2026-09-16,4,280,0.0014894161182704,0.001,1.4894161182704395,照合済,2026-09-16,229,はずれ,当選なし,
3,2026-09-16T00:27:56+09:00,7071,2026-09-15,7072,2026-09-16,5,480,0.0014562602943367,0.001,1.4562602943367615,照合済,2026-09-16,229,はずれ,当選なし,
3,2026-09-16T00:27:56+09:00,7071,2026-09-15,7072,2026-09-16,6,980,0.0014559487651405,0.001,1.4559487651405858,照合済,2026-09-16,229,はずれ,当選なし,
3,2026-09-16T00:27:56+09:00,7071,2026-09-15,7072,2026-09-16,7,689,0.0013916790814803,0.001,1.3916790814803055,照合済,2026-09-16,229,はずれ,当選なし,
3,2026-09-16T00:27:56+09:00,7071,2026-09-15,7072,2026-09-16,8,880,0.0013806010062564,0.001,1.3806010062564678,照合済,2026-09-16,229,はずれ,当選なし,
3,2026-09-16T00:27:56+09:00,7071,2026-09-15,7072,2026-09-16,9,389,0.001377772817077,0.001,1.377772817077025,照合済,2026-09-16,229,はずれ,当選なし,
3,2026-09-16T00:27:56+09:00,7071,2026-09-15,7072,2026-09-16,10,189,0.0013772070614629,0.001,1.3772070614629424,照合済,2026-09-16,229,はずれ,当選なし,
3,2026-09-16T00:27:56+09:00,7071,2026-09-15,7072,2026-09-16,11,660,0.0013744472726533,0.001,1.374447272653389,照合済,2026-09-16,229,はずれ,当選なし,
3,2026-09-16T00:27:56+09:00,7071,2026-09-15,7072,2026-09-16,12,289,0.0013708777082142,0.001,1.3708777082142842,照合済,2026-09-16,229,はずれ,当選なし,
3,2026-09-16T00:27:56+09:00,7071,2026-09-15,7072,2026-09-16,13,360,0.0013608097485342,0.001,1.3608097485342203,照合済,2026-09-16,229,はずれ,当選なし,
3,2026-09-16T00:27:56+09:00,7071,2026-09-15,7072,2026-09-16,14,160,0.0013602549262175,0.001,1.3602549262175396,照合済,2026-09-16,229,はずれ,当選なし,
3,2026-09-16T00:27:56+09:00,7071,2026-09-15,7072,2026-09-16,15,260,0.0013540478885053,0.001,1.3540478885053162,照合済,2026-09-16,229,はずれ,当選なし,
3,2026-09-16T00:27:56+09:00,7071,2026-09-15,7072,2026-09-16,16,489,0.001341694165084,0.001,1.3416941650840262,照合済,2026-09-16,229,はずれ,当選なし,
3,2026-09-16T00:27:56+09:00,7071,2026-09-15,7072,2026-09-16,17,989,0.0013414199590877,0.001,1.3414199590877849,照合済,2026-09-16,229,はずれ,当選なし,
3,2026-09-16T00:27:56+09:00,7071,2026-09-15,7072,2026-09-16,18,682,0.001339000530725,0.001,1.3390005307250443,照合済,2026-09-16,229,はずれ,当選なし,
3,2026-09-16T00:27:56+09:00,7071,2026-09-15,7072,2026-09-16,19,382,0.0013259158195805,0.001,1.3259158195805527,照合済,2026-09-16,229,はずれ,当選なし,
3,2026-09-16T00:27:56+09:00,7071,2026-09-15,7072,2026-09-16,20,460,0.0013254283209651,0.001,1.3254283209651077,照合済,2026-09-16,229,はずれ,当選なし,
3,2026-09-17T00:20:31+09:00,7072,2026-09-16,7073,2026-09-17,1,289,0.0018109114357649,0.001,1.810911435764912,照合済,2026-09-17,188,はずれ,当選なし,
3,2026-09-17T00:20:31+09:00,7072,2026-09-16,7073,2026-09-17,2,299,0.0016427405481601,0.001,1.642740548160123,照合済,2026-09-17,188,はずれ,当選なし,
3,2026-09-17T00:20:31+09:00,7072,2026-09-16,7073,2026-09-17,3,229,0.0016150885383781,0.001,1.6150885383781208,照合済,2026-09-17,188,はずれ,当選なし,
3,2026-09-17T00:20:31+09:00,7072,2026-09-16,7073,2026-09-17,4,288,0.001605104070765,0.001,1.6051040707650626,照合済,2026-09-17,188,ミニ,"ミニ=8,700円",8700
3,2026-09-17T00:20:31+09:00,7072,2026-09-16,7073,2026-09-17,5,280,0.0015383077994703,0.001,1.5383077994703276,照合済,2026-09-17,188,はずれ,当選なし,
3,2026-09-17T00:20:31+09:00,7072,2026-09-16,7073,2026-09-17,6,279,0.0015365127309751,0.001,1.5365127309751907,照合済,2026-09-17,188,はずれ,当選なし,
3,2026-09-17T00:20:31+09:00,7072,2026-09-16,7073,2026-09-17,7,283,0.0015320585822973,0.001,1.5320585822973587,照合済,2026-09-17,188,はずれ,当選なし,
3,2026-09-17T00:20:31+09:00,7072,2026-09-16,7073,2026-09-17,8,259,0.0015278168085718,0.001,1.527816808571827,照合済,2026-09-17,188,はずれ,当選なし,
3,2026-09-17T00:20:31+09:00,7072,2026-09-16,7073,2026-09-17,9,239,0.001518479276289,0.001,1.518479276289037,照合済,2026-09-17,188,はずれ,当選なし,
3,2026-09-17T00:20:31+09:00,7072,2026-09-16,7073,2026-09-17,10,989,0.0014998785392787,0.001,1.4998785392787004,照合済,2026-09-17,188,はずれ,当選なし,
3,2026-09-17T00:20:31+09:00,7072,2026-09-16,7073,2026-09-17,11,269,0.0014970367676335,0.001,1.4970367676335647,照合済,2026-09-17,188,はずれ,当選なし,
3,2026-09-17T00:20:31+09:00,7072,2026-09-16,7073,2026-09-17,12,286,0.0014967731608535,0.001,1.4967731608535988,照合済,2026-09-17,188,はずれ,当選なし,
3,2026-09-17T00:20:31+09:00,7072,2026-09-16,7073,2026-09-17,13,189,0.0014931071298487,0.001,1.493107129848767,照合済,2026-09-17,188,はずれ,当選なし,
3,2026-09-17T00:20:31+09:00,7072,2026-09-16,7073,2026-09-17,14,282,0.0014774919546328,0.001,1.4774919546328626,照合済,2026-09-17,188,はずれ,当選なし,
3,2026-09-17T00:20:31+09:00,7072,2026-09-16,7073,2026-09-17,15,298,0.0014633352773852,0.001,1.4633352773852215,照合済,2026-09-17,188,はずれ,当選なし,
3,2026-09-17T00:20:31+09:00,7072,2026-09-16,7073,2026-09-17,16,228,0.0014400245122631,0.001,1.4400245122631714,照合済,2026-09-17,188,はずれ,当選なし,
3,2026-09-17T00:20:31+09:00,7072,2026-09-16,7073,2026-09-17,17,249,0.0014362112969731,0.001,1.436211296973143,照合済,2026-09-17,188,はずれ,当選なし,
3,2026-09-17T00:20:31+09:00,7072,2026-09-16,7073,2026-09-17,18,689,0.0014219576463719,0.001,1.4219576463719763,照合済,2026-09-17,188,はずれ,当選なし,
3,2026-09-17T00:20:31+09:00,7072,2026-09-16,7073,2026-09-17,19,290,0.0014051079970427,0.001,1.4051079970427791,照合済,2026-09-17,188,はずれ,当選なし,
3,2026-09-17T00:20:31+09:00,7072,2026-09-16,7073,2026-09-17,20,293,0.0013996604636221,0.001,1.399660463622153,照合済,2026-09-17,188,はずれ,当選なし,
3,2026-09-18T00:27:13+09:00,7073,2026-09-17,7074,2026-09-18,1,288,0.0018846834615190145,0.001,1.8846834615190144,未抽せん,,,,,
3,2026-09-18T00:27:13+09:00,7073,2026-09-17,7074,2026-09-18,2,258,0.0017995969396258822,0.001,1.7995969396258822,未抽せん,,,,,
3,2026-09-18T00:27:13+09:00,7073,2026-09-17,7074,2026-09-18,3,188,0.0017201828780194584,0.001,1.7201828780194584,未抽せん,,,,,
3,2026-09-18T00:27:13+09:00,7073,2026-09-17,7074,2026-09-18,4,280,0.001672239339188912,0.001,1.672239339188912,未抽せん,,,,,
3,2026-09-18T00:27:13+09:00,7073,2026-09-17,7074,2026-09-18,5,158,0.0016452046464961794,0.001,1.6452046464961794,未抽せん,,,,,
3,2026-09-18T00:27:13+09:00,7073,2026-09-17,7074,2026-09-18,6,287,0.001609780242656551,0.001,1.609780242656551,未抽せん,,,,,
3,2026-09-18T00:27:13+09:00,7073,2026-09-17,7074,2026-09-18,7,250,0.0016002071592938257,0.001,1.6002071592938256,未抽せん,,,,,
3,2026-09-18T00:27:13+09:00,7073,2026-09-17,7074,2026-09-18,8,888,0.001591595241113408,0.001,1.591595241113408,未抽せん,,,,,
3,2026-09-18T00:27:13+09:00,7073,2026-09-17,7074,2026-09-18,9,257,0.001541586071542689,0.001,1.541586071542689,未抽せん,,,,,
3,2026-09-18T00:27:13+09:00,7073,2026-09-17,7074,2026-09-18,10,180,0.0015329771463075377,0.001,1.5329771463075377,未抽せん,,,,,
3,2026-09-18T00:27:13+09:00,7073,2026-09-17,7074,2026-09-18,11,488,0.0015264519264551796,0.001,1.5264519264551795,未抽せん,,,,,
3,2026-09-18T00:27:13+09:00,7073,2026-09-17,7074,2026-09-18,12,858,0.0015245185084430078,0.001,1.5245185084430077,未抽せん,,,,,
3,2026-09-18T00:27:13+09:00,7073,2026-09-17,7074,2026-09-18,13,238,0.0015154834869206635,0.001,1.5154834869206635,未抽せん,,,,,
3,2026-09-18T00:27:13+09:00,7073,2026-09-17,7074,2026-09-18,14,284,0.0015027404730985564,0.001,1.5027404730985565,未抽せん,,,,,
3,2026-09-18T00:27:13+09:00,7073,2026-09-17,7074,2026-09-18,15,268,0.0014976122178023115,0.001,1.4976122178023115,未抽せん,,,,,
3,2026-09-18T00:27:13+09:00,7073,2026-09-17,7074,2026-09-18,16,283,0.0014972548271450351,0.001,1.4972548271450352,未抽せん,,,,,
3,2026-09-18T00:27:13+09:00,7073,2026-09-17,7074,2026-09-18,17,286,0.0014970025657379267,0.001,1.4970025657379267,未抽せん,,,,,
3,2026-09-18T00:27:13+09:00,7073,2026-09-17,7074,2026-09-18,18,289,0.0014887057887578885,0.001,1.4887057887578885,未抽せん,,,,,
3,2026-09-18T00:27:13+09:00,7073,2026-09-17,7074,2026-09-18,19,187,0.00147793819893559,0.001,1.47793819893559,未抽せん,,,,,
3,2026-09-18T00:27:13+09:00,7073,2026-09-17,7074,2026-09-18,20,988,0.0014724601203079338,0.001,1.4724601203079337,未抽せん,,,,,
